PREFIX,LABEL
AD,ADRENALIN PRODUCTION MUSIC LIBRARY
AD-SR,ADRENALIN PRODUCTION MUSIC LIBRARY
ADV,ADRENALIN VOCALS
AMPT,AMPLITUDE
ANTX,CRACK-UP MUSIC
A-TEN,A-TENSION
CRKU,CRACK-UP MUSIC
LC,LOGICAL CHOICE
A7,ATLANTIC SEVEN
AAM,AUDIO ADDICTION MUSIC
ACL,AIRCRAFT
AML,ACTIVE
AMP,AMP
APD,APOLLO DECADES
APF,APOLLO FRONTRUNNERS
APLS,APOLLO LIFESTYLE
APL,APOLLO LIVE
APO,APOLLO ORGANIC
APV,APOLLO VOCALS
AS,ARTIST SERIES
ATO,ATOMICA MUSIC
AURA,AURA
AURL,AURALATION MUSIC LIBRARY
BCT,BEATCLOCK TRAX
BDL,BDL
BDM,BUILD DESTROY MUSIC
BLM,BLACK LABEL PRODUCTIONS
BLP,BL PRODUCTIONS
BOOM,BOOM MUSIC
BPM,KYLE NEWMASTER
BPM,MUSIC FREAK RECORDS
BPM,RUNAWAY RECORDS
BZT,BONZAI TRAX
CAT,CATAPULT MUSIC
CAV,CAVENDISH MUSIC
CCB,CEZAME CARTE BLANCHE
CDM,CLEARSIDE
CEG,CEZAME GLOBAL INVESTIGATION
CEO,CEZAME ORIGINAL SCORE
CET,CEZAME TRAILERS
CEV,CEZAME VIRTUEL
CEZ,CEZAME
COR,CORDOVAN MUSIC
CP,CATCH PHRASE
CTM,COLOSSAL TRAILER MUSIC
CYPT,CYPHER TM
DBM,DOWN BOYS MUSIC
DDC,TWO CROWNS PUBLISHING
DGS,DOUBLE G STUDIOS MUSIC
DHM,DARK HORSE MUSIC
DHV,DARK HORSE VOCAL
EKT,ELEKT MUSIC
EOS,ART MELODIES
EPM,ENERGIZE PRODUCTION MUSIC
ET,EAR TONIC MUSIC
EVOC,EVOCATIVITY
FBMR,FANTASTIC BEAT MACHINE RECORDS
FG,FIGURE AND GROOVE
FGAF,ARTIST FRIENDLY
FGMN,MINIMALISM
FGP,PRESENTS
FHM,FUTURE HITS
FMCD,FM RECORDS
FOF,405 MUSIC
FSD,FORZA TRAILER & SOUND DESIGN
GM,GROVES MUSIC
GMPM,GREY MAN PRODUCTION MUSIC
GMT,GUM MOTION TRACKS
GN,GOOD NEIGHBOR MUSIC
GNXT,GEN NEXT
GSML,GEORGE SHAW MUSIC LIBRARY
GT,GRAFFITI TRACKS
GUM,GUM COLLECTION
HBM,HOLLYWOOD BUZZ MUSIC
HML,HANDSOME MUSIC
HTM,HEN'S TEETH MUSIC
IMP,IMPULSION
INTCD,INTERMEDE MUSIC
ISTAND,ISTANDARD
JAMP,JAMMIN' PLANET
JAS,JOHN ANDREW SCHREINER MUSIC
JB,JIM BACCHI CATALOG
KAT,KOOL KAT MUSIC
KCM,KING CAFFEINE MUSIC
KON,KONSONANT MUSIC
KONB,KONSONANT MUSIC B
LE,LOUD EAR MUSIC
LH,LAB HITS
LHN,LUCAS CANTOR LIBRARY
LONE,LONE SOUND
MAG,MAGNETIC RECORDS
MBM,MEMORY BOX MUSIC
MCCD,MUSICAL CONCEPTS
MDM,METHODIC DOUBT MUSIC
MDM,METHODIC PREMIUM
MEM,ME ENEMY MUSIC
MFM,MUCHO FRUTO MUSIC
MFP,MUSIC FOR PRODUCTIONS - LIBRARY
MNL,MINIMALISM
MODE,MODE PRODUCTION MUSIC
MOVE,MOVE MUSIC
MRG,MERGE MUSIC
MSU,MUSOU PRODUCTION MUSIC
MXML,MEXICAN MUSIC LIBRARY
NKM,NINJA KITTY MUSIC
NWCD,NEW WORLD MUSIC
OLMG,OPENING LINE MUSIC GROUP
OPUS01,OPUS 1 MUSIC LIBRARY
PB,PREMIER BOX OFFICE
PSM,PILO AND SMITH
PT,PREMIER TRACKS
PT VOC,PREMIER TRACKS VOCALS
PUR,PURE
PURM,PURE MUSIC
RMC,RESOLUTION MUSIC COLLECTION
RPM,REVOLT PRODUCTION MUSIC
RS,ROBA SERIES
RTM,RAVE TRAIN MUSIC
RV,REVOLUTION
RV,REVOLUTION SOUND DESIGN
RV,REVOLUTION U.S.
SA,SONIC ADDICTION
SCL,ALL MUSIC GALLERY
SCOR,SCORE SUITE
SCQ,SOUNDIVA CLASSICAL
SDCD,SOUNDIVA
SGT,SURGETRAX
SIG,SIGNAL
SMX,SMASHTRAX
SPRS,SPARSE MUSIC
SPS,SPOT SOCIETY
SSN,SUPER SONIC NOISE
SSS,SOUL STUDIO 7
STYLE,STYLE TRAX
TOA,TREE OF ARTS
TOA-C,TREE OF ARTS CLASSICS
TQE,TORQUE ELEMENTS
TQM,TORQUE MUSIC
TS,TELESONGZ
TSM,TAPE STOP MUSIC
TT,TELETUNEZ
TWAS,TWELVETONES ART SERIES
TWPM,TWELVETONES MAIN SERIES
UCM,UNDERCURRENTS MUSIC
UDU,UPDOWNUP
UPM,UNITY PRODUCTION MUSIC LIBRARY
VC,VTOWN CARTEL MUSIC
VGM,VELVET GREEN MUSIC
WWM,WILD WHIRLED MUSIC
XCM,XUERAN CHEN MUSIC
ZIK,MUSIQUE & MUSIC
ZZZOPUS,OPUS 1 MUSIC LIBRARY - SPECIALTY COLLECTION
03M,ZERO3 MUSIC
12T,TWELVE TITANS MUSIC
1VU,1 VERSATILE UNDERSCORE
4AS,411 ARTIST SERIES
4EW,EXOTIC WORLDS
4HS,HYPERSONIC
4MG,411 PRODUCTION MUSIC SONGS
4TM,411 TRAILER MUSIC
4US,411 PRODUCTION MUSIC UNDERSCORE
ABS,ABSOLUTE MUSIC
AFRO,SONOTON AFRO
ALGO,ALGO RECORDS
ALIBI,ALIBI MUSIC
ALL,ALL SORTS MUSIC
ALSO,ALL SORTS (OF) DRAMA
AM,AMUSICOM
AMPS,AMPHONIC
AMY,AMYGDALA
ANGER,ANGER MUSIC
ART,ARTSOUND
AT,APPLE TRAX
ATOM,ATOM MUSIC AUDIO
AUDIA,AUDIA
AUM,AUDIOMACHINE
AUMT,AUDIOMACHINE SOUND DESIGN
AVF,SOUND STAGE
AZ (TBC),AVALON ZERO
BAK,BEATS BAKERY
BAM,BAM
BAMA,BAM ARTIST SERIES
BAM-BX,BAM BOX
BBB,BING BANG BOOM
BBX,BEATBOX
BEAT,BEAT BITES
BKM,BLACK KNIGHT MUSIC
BLINQ,BLINQ
BLLM,BRILLIANT MUSIC
BNA,BRAVE NEW AUDIO
BOM,BLAZED OUT MUSIC
BRFM,BETA RHYTHM FARM
BRO,BROTHER MUSIC
BURN,BURN
BWA,BRICKWALL AUDIO
BXM,BRAND X PRODUCTION MUSIC
BXM,BRAND X TRAILER MUSIC
BXMT,BRAND X THEATRICAL
BXP,BEAT XPLOSION
BZZ,THE BUZZ
CDM,CDM MUSIC
CFM,CANDY FLIP
CLC,COMMERCIAL LENGTH CUTS
CLXY,FANTASY CLASSICAL
CMX,CONFIDENTIAL MUSIC
CNS,COMMERCIALS NON-STOP
CPM,COSMIND PRODUCTION MUSIC
CRB,CROSSBREED MUSIC
CRV,CRE8V
CS,CUE SOURCE MUSIC
CSH,CRUSH
CTM,CINEMASOUNDS TRAILER MUSIC
CTRX,CINETRAX
DAM,DIGITAL ASSASSIN MUSIC
DAWG,BIG DAWG MUSIC
DBX,DRAMABOX
DGT,DIG IT MUSIC
DMTK,DRAMA TRACKS
DR,DATOLITE RECORDS
DVM,DIGITAL VISION
EM,MUSIC SHOP
EMG,ELEPHANT MUSIC
EMT,MUSIC SHOP
EN,EPIC NORTH MUSIC
EOS,END OF SILENCE
EPC,EPIC
EPM,EAR PARADE MUSIC
ESL,STANDARD MUSIC
ESLMB,MUSICA BRITANNICA
ET,FUTURE WORLD MUSIC
ETS,EMPIRE TRAILER SERIES
EVS,EVOLVING SOUND
EZLY,FANTASY EASY LISTENING
FA,5 ALARM MUSIC
FCM,FULL CLIP MUSIC
FEXY,FANTASY FILM
FFP,FIFTH FLOOR
FFPSF,FIFTH FLOOR SONGS
FFXY,FANTASY FX
FN,FONTANA MUSIC
FNCC,FONTANA CLASSICAL
FNV,FONTANA MUSIC VIRTUAL
FP,FLASH POINT
FRM,FRAMEWORKS MUSIC
FUP,FUTURE POP
FWM,FUTURE WORLD MUSIC
GAR,GARGANTUAN MUSIC
GCR,GARGANTUAN CREATIVE
GHOST (TBC),GHOSTWRITER MUSIC
GHY,GOTHIC HYBRID
GOTHIC,GOTHIC STORM MUSIC
"GT, TREDE",SONOTON ARCHIVAL
GTW,GOTHIC STORM'S TOOLWORKS
GZM,GREEN ZEBRA MUSIC
HL,HYPERLOCAL
HMT,DOS BRAINS HEAVY MELODY TRAILERS
HP,DOS BRAINS HEAVY PROMOS
HTM,HELIOTROPE MUSIC
HTO,HERE TOMORROW MUSIC
IDOCS,FANTASY IDOCS
IGM,INTEGRATION MUSIC
IIAD,IF IT AIN'T DUTCH
IMG,IMAGINE MUSIC
IMM,IMMORTAL MUSIC
IMYR,I MISS YOU RECORDS
INP,INDIE PRODUCTION MUSIC
INV,INVICTUS
IPM,IN-SPIRED PRODUCTION MUSIC
ISCD,INTERSOUND
ITM,IMPACT TRAILER MUSIC
JAMM,JAMM
JW,JW MEDIA MUSIC
JWCD,JW MEDIA MUSIC
JWV,JW VAULT COLLECTION
LAE,L.A. EDITION
LBR,LESTERBEAT RECORDS
LHS,"LIBRARY OF THE HUMAN SOUL, THE"
LSF,LAST SONIC FRONTIER
LT,LIVE TRAX
LUV,TEMP LOVE MUSIC
LVM,LOVELY MUSIC
MESS,MESSINA MASTERS
MIM,MINIMAL TV
MMP,METRO MUSIC PRODUCTION LIBRARY
MNM,MINIM
MOT,MOTUS MUSIC
MOTB,MUSIC OUTSIDE THE BOX
MPM,MANHATTAN PRODUCTION MUSIC
MQ,MARQUEE MUSIC
MS,MEGASONICS
MSO,MUSIC SHOP ONLINE
MUM,MADE UP MUSIC
MUSE,MOTION MUSE
MX,MEGATRAX
NINJA,NINJA TRACKS
NLM,9 LIVES MUSIC
NLV,NELVANA
NPM,NOISE PUMP MUSIC
OMBD (BD OLD),BLUE DOT
OMCD,OMNIMUSIC
PC,POINT CLASSICS
PFW,POSTCARDS FROM THE WORLD
PMOL,PRODUCTION MUSIC ONLINE
PNBP,PENNYBANK PROFILES
PNBT,PENNYBANK TUNES
PRCD,PRIMROSE MUSIC
QF,Q FACTORY
RAVE,RAVENWOOD MUSIC
RED,REDCOLA
RESL,REALLY SLOW MOTION
RGL,RIDGELINE MUSIC
ROCK,SONOTON ROCKSHOP
ROG,DOS BRAINS ROGUE SOULS
RRM,RECORDS ROOM MUSIC
RSM,RELIABLE SOURCE MUSIC
SAS,SONOTON AUTHENTIC SERIES
SAV,SOUND ADVENTURES
SCD,SONOTON
SCDV,SONOTON VANGUARD
SEXY,FANTASY PRODUCTION MUSIC
SIIX,SIIX TRAILER MUSIC
SIL,DOS BRAINS SILVER SCREEN
SIS,SOURCE IN SYNC
SJM,SONG JUNKIES
SN,SENSACION
SONG,SONGCRAFT
SONIA,SONOTON CLASSICAL (SONIA)
SOT,SONIC TREMOR
SOZ,SONIC OZAULT
SPOTS,SPOTS
SPRE,SPRINT EDGE
SPRT,SPRINT
SSA,SOUNDSCAPE AGENCY
SSY,SONIC SYMPHONY
STORY,SYNC STORIES
STT,SONOTON TRAILER TRACKS
STTV,SONOTON TRAILER TRACKS VIRTUAL
STYE,SONGS TO YOUR EYES
SUM,SAUCE MUSIC
SUPI,SUPERPITCH
SUPIAS,SUPERPITCH ARTIST SERIES
SUPIDR,SUPERPITCH DRAMA
SUPIE,SUPERPITCH ENTERTAINMENT
SUPIEP,SUPERPITCH EP
SURE,SONOTON SUREFIRE
SUW,STRAIGHT UP! WORLD
SVL,SPICE VOCALS
TD,TRACK DISTILLERY
TFJ,THE FUNKY JUNKIES
THH,THE HIT HOUSE
THRD,DOS BRAINS THIRD RAIL
TIN,TONAL INJECTION LIBRARY
TMA,THE MUSIC ASSEMBLY
TRX,TRX MUSIC
TRXP,TRX PRODUCTION
TRXSCR,TRX SCORE
TS,THE SCENE
TSM,THETA SOUND MUSIC
TT,TRAILER TRASH
TVC,TV CLUB
TXF,THE X-MOTION
UGM,UNDERGROUND MUSIC
VAD,VADZIMU
WCM,WESTAR CLASSICAL
WSR,WESTAR MUSIC
XIT,X-IT MUSIC
YT,YOUR TUNE
ZEN,ZEN
BF,BEATS FRESH MUSIC
42,42 RECORDS
101DOM,101 DARK ORCHID
101M,101 MUSIC (PREVIOUSLY 101 PRODUCTION MUSIC)
1RM,1 REVOLUTION
2FM,2ND FOUNDATION MUSIC
3ING,THREE INGREDIENTS OR LESS
4EM,4 ELEMENTS
AA,AUDIOACTIVE
AB-C0,ABACO
ACPM,ANALOG CHAMPION
ADD,ADDICTIVE TRACKS
AFR,MATHAMBO
AL,ALCHEMY MUSIC
ALT,ALTITUDE
ALTT,ALCHEMY TRAILER TOOLS
AMPD,AMPED
AMPM,AUDIO MONKEY
ANM,ANARCHY MUSIC
AOL,ART OF LEGEND
AR,ANONYMOUS RECORDINGS
ASV,CRIMESONICS
ATR,ACOUSTITRACKS
ATUD,NON-STOP ATTITUDE
AU,ALTITUDE UNDERSCORE
AXD,AXS DOCUMENTARY
AXF,ALTITUDE X FABER
AXS,AXS MUSIC
AXW,AXS WORLD
AZ,AMPHIBIOUS ZOO
BBGH,BBGH MUSIC
BC,BLIND COLOR
BCB,BEATCLOCK
BFX,BEATFIX
BIB,BLACK IS BLONDE
BIBTQ,BIBLIOTHEQUE
BIM,BIG IDEA MUSIC
BMBX,BOOMBOX
BMF,BASSTONE
BNB,BEDS & BEATS
BOOSTTV,BOOST TV
BP,BEATS PLANET
BRG,BLACK RED GOLD
BSM,BIG SCREEN MUSIC
BYND,MUSIC BEYOND
CACL,CAVENDISH CLASSICAL
CAR,CPM
CAS,CPM ARCHIVE SERIES
CAVA,CAVENDISH ARCHIVE
CAVC,CAVENDISH
CAVT,CAVENDISH TRAILERS
CHR,CHAPEL OF ROCK (CHR)
CLASS,CPM CLASSICAL
CM,CHROMA MUSIC
CMGA,CAFÉ MONDO
CMXA,CHROMA X
COM,CLOCKWORK ORANGE
CRM,CRITICAL MASS
CST,CINEMA SOUND TOOLS
CSV,CRIMESONICS
CT,CINEMATIC TRACKS
CTR,COUNTER MUSIC
CTV,COLOR TV
DAA,DANCING ABOUT ARCHITECTURE
DAR,DARWIN MUSIC
DEM,DEEP EAST MUSIC
DEN,THE DEN
DIST,DISTORTION
DM,DYNAMIC MUSIC
E&E,EYEBALLS & EARDRUMS
ED,EARDRUM MUSIC
EGG,EGG MUSIC
ELEFAT,ELEPHANT SOUND DESIGN
ELEPTSD,ELEPHANT SOUND DESIGN
EMHCML,EMH CLASSICAL
EMM,EVOLUTION MEDIA MUSIC
ENG,ENGINUITY MUSIC
ER,ELBROAR EDITION
ES,EPIC SCORE
ESE,ESSENTIAL ELEMENTS
ESO,ENTERPRISES SONOR
ETK,CRIMESONICS
FACT,LIFT FACTUAL
FDMSCIC,DIVERSE MUSIC
FH,MEDIAHORSE / FUTURE HEROES
FKM,INTERVOX MOVIE EDITION
FL,FLOAT MUSIC
FLAVA,LIFT / FLAVA
FMLFC,FELT MUSIC LIBRARY
FMLOS,MASTERS OF SCORE
FMLOTB,OFF TO BATTLE
FMLSC,SOUND CIRCLE
FOX,FOXHOLE
FTTT,FULL TILT
GA,GROOVE ADDICTS
GAP,GAPTRAX
GAS,GAS
GOB,GLORY OATH & BLOOD
GSD,GRAPHIC SOUND DESIGN
GV,GRAVITY
HARD,HARD MUSIC DESIGN
HDMN,HDMN PRIME
HGMIX,HELLA GOOD RECORDS
HGR,HELLA GOOD RECORDS
HK,HYPEKIT
HMS,HANDMADE SOUNDS
HOME,HOMEGROWN
HUMN,HUMAN
IG,IGNITE
IMX,IMMEDIATE
INAM,I'M NOT A MACHINE
IND,INDIESONICS
INF,INFINI MUSIC
INPIC,IN PICTURES
INSD,INSIDE TRACKS
INWLDVG,INVISIBLE WORLD
IPM,IMPRESSIVE MINDS
ITG,INTHEGROOVE
IVOX,INTERVOX
JTM,JOLT TRAILER MUSIC
KBM,KURT BESTOR
KING,KINGDOM 2
KL,KLANGLOBBY
KSM,KINGSIZE
LCM,LEMONCAKE MUSIC
LIFT,LIFT / FLAVA
LMNTL,LMNTL
LQC,LIQUID CINEMA
M,ONETRACKADAY
MAM,MINDS AND MUSIC
MASSIVE,MASSIVE BASS
MB,MINDBENDERS
MCMA,MIDCOAST MUSIC ARTIST SONGS
MCMSO,MIDCOAST MUSIC SPECIAL OCCASIONS
MCMW,MIDCOAST MUSIC WIRED
MIN,MINIMAL MUSIC
MM,MIXTAPE MASHUP
MOPM,MODUS OPERANDI
MSJ,MUST SAVE JANE
NKD,NAKED MUSIC
NRV,REVOLUCION
NSM,NO SHEET MUSIC
NSPR,NON-STOP PREMIERS
NSPRADV,NON-STOP PREMIERS
NSPRROM,NON-STOP PREMIERS
NSPS,NON-STOP PRODUCERS
NTPM,NINJA TUNES
NTV,NEEDLETRACKS.TV
OAT,ONE AIR TIME
OIL,OIL
OSPK,ORGANIC SPARK
PA,PROMO ACCELERATOR
PED,PEDIGREE CUTS
PFF,PIANO FOR FILM
PGH,PLAYGROUND HOLLYWOOD
PGO,PARIGO
PICX,PICTURE PUNCTURE
PLAY,PLAYLIST PRODUCTION MUSIC
PM,PLATINUM MUSIC
PMC,PARRY MUSIC CLASSICAL
PML,PARRY MUSIC LIBRARY
POKE,POKE
POPM,POP MACHINE
PP,PERFECT PITCH
PP,PP MUSIC
PPM,PPM
PPOP,PUSH POP
PSYNC,PLANET SYNC MUSIC LIBRARY
PTCH,PITCH HAMMER
RS,RONALD STEIN
RSA,REDSHIFT ARTISTS
RV,REVOLUCION
SA,SONIC ARTIFACT
SC,SCAREMEISTER
SC,SELECTRACKS SONG CATALOG
SCORE,SCORE
SCR,SCORCHED SCORE
SD,SOUND DESIGNS
SE,SO EFFECTIVE
SFL,615 MUSIC
SFLY,SUPERFLY AUDIO
SMM,SICK MUSE MUSIC
SMM,SILENT METHODS
SQ,SONIC QUIVER
SRL,SPECIAL REQUESTS
SS,SCORING STAGE
ST,SELECTRACKS INSTRUMENTAL
STR,STEREO ROYAL
STRP,STRIP SOUNDS
SUN,SUNSTONE RECORDINGS
SUPER,SUPERSTORE
TBX,THE BOX
TELE,TELE MUSIC
TJ,TWISTED JUKEBOX
TL,WHO DID THAT MUSIC
TMCD,TELE MUSIC CLASSIC VAULTS
TREAD,TREAD
TUBE,TUBESOUNDS
TVU,TELEVISION UNDERSCORE
UCD,ULTIMATE CRIME & DRAMA
UN,VIBEY LIBRARY
UND,UNDERSCORE MUSIC LIBRARY
UPMCD,ULTRAPHONIC
V,V
VALO,VALO
VH,VIDEOHELPER
VHCL,VIDEOHELPER - COLOSSICAL
VHEX,VIDEOHELPER - MORE MUSIC
VHHBD,VIDEOHELPER - MORE MUSIC
VHMD,VIDEOHELPER - MODULES SOUND DESIGN
VHP,VIDEOHELPER - PROJECTS
VHSH,VIDEOHELPER - SCOREHELPER
VIBEY,VIBEY LIBRARY
VT,VALENTINO
WCMI,WARNER CHAPPELL ITALIA
WILD,LIFT WILDCARDS
WN,WOTNOT MUSIC LIBRARY
WPM,WRONG PLANET
X,XTORTION AUDIO
XRD,X-RAY DOG
ZEST,ZEST
ZONE,ZONE MUSIC
ZONE,ZONE PLUS
ZTR,ZONE TRAILERS
BLP,BOSWORTH (LPS)
BOCD,BOSWORTH
BPM,BOSWORTH
EA,EMIL ASCHER
MFS,MUSIC FOR SPORT
MLG,MOOD LIBRARY GALLO
SRTL,SRTL
STM,SCREEN TWO MUSIC
VM,VIDEO MOODS
WM,WATER MUSIC
ADD,ADDITION MUSIC
ANH,ANNIHILATION
APMC,APM COLLECTION
ASM,AUSTRALIAN SCREEN MUSIC 301
AVCD,AV MUSIC PUBLISHERS
BITE,BITE HARD
BM,BERRY/CONROY 78
BMLP,BERRY MUSIC
BMLP,CONROY
BMLPF,CONROY FEELINGS
BMPPS,BERRY/CONROY PROGRAMME PRODUCTION
CD,SELECTED SOUND
CDGML,DED GOOD MUSIC CDGML SERIES
CHALK,CHALK
CINE,CINEMUSIC RECORDINGS
CM,CASTLE MUSIC
CMR,CINEMUSIC RECORDINGS
CS,COLOURSOUND
CSCD,COLOURSOUND CD
CSLP,COLOURSOUND VINYL
DED,DED GOOD MUSIC LIBRARY
DED,DED GOOD DED SERIES
DEWEB,DE WOLFE (WEB ONLY - ONLINE SERVICE)
DRVN,DRIVEN
DW/LP,DE WOLFE (LPS)
DWC,DE WOLFE
DWCD,DE WOLFE
DWCD,DE WOLFE
DWCD/SUP,DE WOLFE USA
DWCOM,DE WOLFE COMMERCIAL BREAKS
DWJAZZ,DE WOLFE JAZZ SERIES
DWLP,DE WOLFE VINYL
DWMIL,DE WOLFE MILLENIUM
DWRPO,DE WOLFE ROYAL PHILHARMONIC CLASSICAL SERIES
DWS/LP,DE WOLFE
DWUSA,DE WOLFE USA
DWUSA,SOLID STATE MUSIC
DWUSA,DE WOLFE USA
EMPM,EMERGENCY PRODUCTION MUSIC
EMPM,EPM MAIN SERIES
EMPMS,EMERGENCY SPECIALTY SERIES
END,ENDGAME MUSIC LIBRARY
ENDC,ENDGAME CLASSIC GAMES
EURO,EUROBEAT
FDH,FRANCIS DAY & HUNTER
FTV,FTV MEDIA LIBRARY
FTVMEDIA,FTV MEDIA LIBRARY
FTVOL,FTV MEDIA ONLINE
HMC,HUDSON MUSIC
HMCS,HUDSON MUSIC
HRCB,HUDSON MUSIC
HRCB,HUDSON RECORDS
IRCD,IRRADIA
IRR,IRRADIA
JGM,JAMES GRANT MUSIC (JGM)
JM,JUICE MUSIC LIBRARY
JMOD,JUICE MUSIC ON DEMAND
JMOL,JUICE MUSIC ONLINE
JMP,JUMP
JUST,JUSTEMENT MUSIC
JUSTE,JUSTEMENT ETHNIC
KPM,KPM MAIN SERIES
KPM,KPM (ON LP)
KPMA,KPM AUSTRALIA
KPMC,KPM CLASSICAL
KPMCS,KPM CLASSICAL
KPMINT,KPM INTERNATIONAL
KPMK,KPM 1000 SERIES
KPMLP,KPM 1000 SERIES LP SERIES
KPMLPB,KPM BROWNSLEEVES
KPMS,KPM SHORTS
KPMT,KPM TRAILERS
KPMWM,KPM WORLD MUSIC
LIVE,LIVE SOURCE MUSIC
LS,LANDSCAPE CLASSICS
LSC,LANDSCAPE CLASSICS
MH,MUSIC HOUSE
MHA,MUSIC HOUSE ATMOSPHERE
MHD,MUSIC HOUSE DRAMA
MHE,MUSIC HOUSE ENTERTAINMENT
MHI,MUSIC HOUSE INDUSTRY
MHS,MUSIC HOUSE SPECIFICS
MHT,MUSIC HOUSE TAPES
MODEL,MODEL MUSIC LIBRARY
MPATH,MPATH
MYMA,MONTMORENCY RECORDS
MYR,MONTMORENCY RECORDS
OMT,ONE MORE TIME
PHA,PHANTOM POWER
PMY,PRIMARY
PROD,PRODUCER'S MUSIC LIBRARY
QT,QUANTUM TRACKS
RAYDIA,RAYDIA
REDM,RED MATTER
RELOAD,(KPM) RELOAD
RHZ,RHYMEZ
RLF,THE REAL FIFTH
RLZ,RHYMEZ RED LINE
RMCD,ROUGE MUSIC
RMCD,ROUGE MUSIC
RMS,ROUGE MUSIC
RMWEB,ROUGE MUSIC
RPMLP,RADIO PROGRAMME MUSIC
RSE,READY STEADY EDIT
S.O.N.,SOUNDS OF NOW
SATV,SATV MUSIC
SATVCD,SATV
SATVDG,IN THE EDIT
SATVEP,SATV EP SERIES
SCOP,STEREOSCOPIC
SCSO,SCORE & SONGS
SEL,SELECTED SOUND
SEL_LS,SELECTED SOUND
SEL_LSC,SELECTED SOUND
SELLP,SELECTED SOUND VINYL SERIES
SELS,SELECTED SOUND
SIR,SIREN CUES LIBRARY
SLX,SONIC ELIXIR
SMC,SYLVESTER
SMCS,SYLVESTER
SONIA,SONIA SELECTED SOUNDS
SPARKLE,SPARKLE & BURN
SPCD,SOUND-POL
SPL,SILVERPOINT
SYNC,SYNCTRACKS
TIM,THEMES INTERNATIONAL
TIMLP,THEMES INTERNATIONAL VINYL SERIES
TRL,TRILOGY
VMP,VISION MUSIC PUBLISHING
WIDE,WIDESCREEN
IMP,IMPAX
T4M,TON 4 MUSIC
ATN,EXTREME A-TONE RECORDINGS SERIES
DCD,EXTREME DIRECTORS CUTS SERIES
GAA,EXTREME GORE & AUDIO SERIES
HPE,EXTREME MTVN HYPE CATALOGUE
LAA,EXTREME LAW & AUDIO SERIES
MDE,EXTREME MADE SERIES
QCD,EXTREME Q SERIES
SCS,EXTREME SCOREGANICS SERIES
SPN,EXTREME VORTRAX SERIES
SRG,EXTREME SAINT ROGUE SERIES
STN,EXTREME SPACE TONES
VNX,EXTREME VELVET EARS SERIES
WAA,EXTREME WAR & AUDIO SERIES
XCD,EXTREME X-SERIES
XCL,EXTREME ULTIMATE CLASSIX
XDC,EXTREME DEVIL’S CUT SERIES
XEL,EXTREME EASY LISTENING SERIES
XET,EXTREME EARTH TONES SERIES
XGM,EXTREME GRANDMASTER SERIES
XLR,EXTREME LAB RAT RECORDINGS SERIES
XMT,EXTREME MIXTAPE SERIES
XPS,EXTREME PASSPORT SERIES
XRC,EXTREME REALITY CHECK SERIES
XSF,EXTREME SPITFIRE AUDIO SERIES
XSP,EXTREME SUPER POP SERIES
XSR,EXTREME SUPER ROCK SERIES
XST,EXTREME STAMPEDE SERIES
XTS,EXTREME TWO STEPS FROM HELL SERIES
XTW,EXTREME TWISTED SERIES
XXL,EXTREME 13 BROTHERHOOD SERIES
XXX,EXTREME MOONSHINE MUSIC SERIES
AD,ADAPT
ARTF,ARTFUL RECORDED MUSIC LIBRARY
CDPEL,GEMINI MUSIC
CDW,WORK MUSIC
DK,DRAMA KING
GWX,GROOVEWORX
HMM,HONEY MONEY MUSIC
IMCD,IMAGE MUSIC LIBRARY
IMED,IMAGE EDGE LIBRARY
IMPR,IMAGE PROMOS
MJ,MUSICJAG
MJ,MUSICJAG CLASSICAL
MML,MEDIATRACKS MUSIC LIBRARY
MOR,MORNING MUSIC PRODUCTION LIBRARY
OGM,OLE GEORG MUSIC
PLA,AFRICAN PLANIT
TGLM,GOLD LEAF MUSIC LIBRARY
UBM,UBM RECORDS
AC1,ACE LIBRARY
BML,BART MUSIC LIBRARY
EAR,EARMOTION
"HDCD
ESCD
HDCDV
ICCD",DENNIS MUSIC INTERNATIONAL
JFM,JOHN FULFORD MUSIC - THE TRAK KARTEL
MBG,MUSIC BLVD GROUP
MOFOM,MOTION FOCUS MUSIC
POP-PI,POPVIRUS INTERNATIONAL
POP-PP,POPVIRUS PLANET
POP-PV,POPVIRUS MUSIC
POP-PS,POPVIRUS SOUNDTRACK
OFF THE SHELF MUSIC,OFF THE SHELF MUSIC
SONIC DOJO,SONIC DOJO
10MILES,10 MILES
AACD,ATMOSPHERE ARCHIVE
AL,A-LIST MUSIC
AM,ACCESS MUSIC
APS,ATMOSPHERE PERFORMANCE SERIES
AR,A-LIST RECORDS
ARI,A REMARKABLE IDEA
ARP,AIRPLAY
ARX,ABBEY ROAD MASTERS
ATMOS,ATMOSPHERE
ATMOS-CDKITSCH,ATMOSPHERE KITSCH
ATV,AS HEARD ON TV
AUPM,AURORA PRODUCTION MUSIC
AXS,ACCESS PROMOS
B4C,BEST 4 CLASSICAL
BBCPM,BBC PRODUCTION MUSIC
BCC,BRUTON CLASSICAL SERIES
BEE,B STINGS
BER,BERLIN PRODUCTION MUSIC
BIGS,BIG SHORTS
BLK,BLOCK
BOS,BOSWORTH
BOSA,BOSWORTH ARCHIVE
BPM,BPM CLASSICAL SERIES
BPM,BPM EXPLORER SERIES
BPM,BPM SCORE MUSIC SERIES
BR,BRUTON
BTV,BTV/PITCH
BURN,BURN
BV,BRUTON VAULTS
BVA,BRUTON VAULTS ANTHOLOGIES
CGS,CHAPPELL GRAND STAGE
CHAP,CHAPPELL
CHAPAV,CHAPPELL AV
CHAPC,CHAPPELL CLASSICAL
CHAPWR,CHAPPELL WORLD
CHUCKD,CHUCK D PRESENTS
CM,CHRONIC TRAX
CNCT,CONNECT
CNOIR,CHAPPELL NOIR
COHH,CHRONICLES OF HIP HOP
CSPOTS,CHAPPELL SPOTS
CUTE,CUTE MUSIC
DF,DARKFLY
DGPM,DEUTSCHE GRAMMOPHON PM
DM,DISCOVERY MUSIC
EDGE,KILLER EDGE
EVO,EVO
FC,FIRSTCOM POWERPLAY ARCHIVE
FC-A TO FC-Z,FIRSTCOM
FCAN,FCANIMATED
FCD,FOCUS
FCLB,FOCUS CLUB
FCLS,FOCUS CLASSICS
FCSG,FOCUS SONGS
FLEX,FLEXITRACKS
FRX,FRESHWORX
GAL,GALERIE
GM,GOTHAM LIBRARY
GMS,GRAND MUSIC SOCIETY
GTP,GUM TAPES
HITS,GREATEST HITS
HM,HOLLYWOOD MUSIC
ICON,ICON TRAILER MUSIC
IRL,IN REALITY
KA,KILLER ANIMATION
KAR,KOSINUS ARTS
KAS,KILLER ARTIST SERIES
KCL,KOSINUS CLASSICAL
KL,KILLER LATINO
KLA,KOKA CLASSICAL
KOA,KOSINUS ARCHIVES
KOK,KOKA
KOL,KOSINUS WORLD
KOM,KOSINUS MAGAZINE
KOS,KOSINUS
KS,KILLER SCORES SET
KT,KILLER TRACKS
KTP,KILLER PROMOS
KTST,KILLER STAGE AND SCREEN
KTV,KOKA FOR TV
LO-CD,LO EDITIONS
MAT,MATCH
MHSR,MANNHEIM STEAMROLLER
MSTR,MASTER SOURCE LIBRARY
MXS,XS
NIGHT & NIGHTSE,NIGHTINGALE MUSIC
NM,NETWORK MUSIC
NOVA,NOVA
NUGGETS,NUGGETS
NVS,NIGHTINGALE VOCAL SERIES
NYB,NYB
OM,ONEMUSIC
PKT,SOUND POCKET MUSIC
PML,POINT
PN8CD,PLAN 8 MUSIC
RCAL,RCAL
RCF,REALITY BY C. FRANKE
RCR,ROADSIDE COUCH RECORDS
RDR,RADAR
RNM,REVERBNATION MUSIC
SA,SARAOMUSIC
SDN,SCORE ADDICTION
SEE,SEE
SFCB,STRANGE FRUIT COMMERCIAL BREAKS
SFT,STRANGE FRUIT
SLAM,SLAM!
SOHO,SOHO
SOHOA,SOHO ARCHIVE
SPOTON,SPOT ON
SVN,SEVENTH SENSE
SXSW,SXSW MUSIC LIBRARY
TRU,TRUE STORIES
ULS,ULTIMATE LATIN SERIES
US,ULTIMATE SERIES
UTS,UNIVERSAL TRAILER SERIES
VL,VELOCITY
VM,VOLTA MUSIC
VTMA,VITAMIN A
WAX,AUDIO WAX
WON,WALL OF NOISE
ZTS,ZERO TO SIXTY
SONIC DOJO,SONIC DOJO
ATS,AND THEN SOME
EDS,ELECTRONIC DANCE SERIES
FEM,FIRED EARTH MUSIC
NRF,NOISE REFINERY
RFM,REFUEL MUSIC
SOO,SOMOS
TSH,THE SCORING HOUSE
WOM,WEST ONE MUSIC
WOMG,WEST ONE MUSIC GROUP
ZRO,ZERO DEGREES
WOOD,WOODCUT PRODUCTION MUSIC LIBRARY
,
,
,
,
,
,
,
,
,
,
,
,
,