CLIP NAME                     ,START TIME    ,END TIME      ,DURATION      
STN006 02 2 TEAM SPACE LIGHT AIF new 01  d,10:00:00:08,10:00:49:24,00:00:49:16
XRC035 03 5 BASKET CASE NO ORCHESTRA AIF new 02  d,10:00:47:03,10:01:12:24,00:00:25:21
XMT618 30 MATH LAB WAV new 01  d,10:01:12:20,10:01:45:03,00:00:32:08
XCD187 01 2 IF YOU BELIEVE (1) AIF new 01  d  d,10:01:44:00,10:02:50:18,00:01:06:17
STN006 02 9 TEAM SPACE BASS AND PERCUSSION ONLY AIF new 01 Boun,10:03:12:20,10:03:21:06,00:00:08:11
UPM KOS584 1 Be Inspired Main Track Bestion Cavalier 968517 aif,10:03:20:10,10:03:42:19,00:00:22:09
50 - Mission Probable - T Gire - BXM640  new 01  d,10:03:42:02,10:04:42:08,00:01:00:06
SCS107 01 LETS GET THIS DONE AIF new 01  d,10:04:37:13,10:06:20:22,00:01:43:08
SCS107 01 LETS GET THIS DONE AIF new 02,10:05:56:15,10:06:20:22,00:00:24:07
02 - Cheeky Family - R Paillot - CDM324  new 01  d,10:06:15:12,10:07:45:14,00:01:30:02
26 - How We Doing - P Peters - BAM110  new 01  d,10:07:45:10,10:08:46:13,00:01:01:03
UPM PKT15 6 Begin Again Main Track Parry 927346   new 01 Bou,10:08:57:23,10:09:30:22,00:00:32:23
UPM KOS584 1 Be Inspired Main Track Bestion Cavalier 968517 aif,10:09:30:22,10:10:50:01,00:01:19:03
XMT154 06 WARP LORD AIF new 01  d,10:10:50:23,10:11:07:06,00:00:16:07
XMT154 04 1UP AIF new 01  d,10:11:28:14,10:12:08:04,00:00:39:15
DCD099 01 2 IN ODD WE TRUST INSTRUMENTAL AIF new 01  d,10:12:18:12,10:12:37:08,00:00:18:21
21 - Gallery Of Light - P Honey - IPM090  new 01  d,10:12:33:18,10:13:18:22,00:00:45:04
DCD099 01 2 IN ODD WE TRUST INSTRUMENTAL AIF new 01  d,10:13:00:13,10:13:23:13,00:00:22:24
21 - Gallery Of Light - P Honey - IPM090  new 01  d,10:13:22:06,10:14:07:10,00:00:45:04
"60 - Feeling Playful - J Chopra, T Pritchard - GCR030  new 0",10:14:39:00,10:15:36:13,00:00:57:13
UPM BR630 7 Analysis Main Track Dodson 977889   new 01 Bounc,10:15:46:14,10:16:27:07,00:00:40:18
"01 - Backwoods Boots - S Ashley, E McNeely - 4US125  new 01",10:17:07:07,10:18:30:02,00:01:22:20
06 - Mission Improbable - M P Holt - LVM041  new 01  d,10:18:29:04,10:18:39:10,00:00:10:06
XTS021 14 ELYSIUM AIF new 01 XTS021 14 ELYSIUM AIF  d,10:18:41:08,10:19:14:23,00:00:33:15
SCS056 03 LAUNCH PAD AIF new 01  d,10:20:09:16,10:20:38:15,00:00:28:24
03 - Astral Beauty - R Dutnall - NLM160   new 01  d,10:20:42:17,10:20:59:08,00:00:16:16
UPM KOS629 25 Friendly Games Instrumental Andres Orsi 1012801 a,10:22:34:13,10:23:44:04,00:01:09:16
142 - Over Mountains And Across Seas - D Lozinski - AUM049  ,10:23:41:21,10:24:29:18,00:00:47:22
XCD426 09 2 ALCHEMY NO STRINGS AIF new 01  d,10:24:24:02,10:25:29:18,00:01:05:16
XCD426 09 3 ALCHEMY STRINGS ONLY AIF new 01,10:26:22:11,10:27:04:21,00:00:42:10
XCD426 09 2 ALCHEMY NO STRINGS AIF new 02,10:27:49:03,10:28:09:01,00:00:19:23
XCD223 04 DANCING WITH DRAGONS AIF new 01  d,10:28:07:22,10:29:22:03,00:01:14:06
LAA036 01 THE HEAL DEAL AIF new 01 LAA036 01 THE HEAL DEAL AIF,10:29:22:00,10:30:26:23,00:01:04:23
XRC050 07 WISHING ON EMPTY AIF new 01  d,10:31:44:13,10:32:49:20,00:01:05:07
27 - Hoping For A Miracle - A Sewell - BBX279  new 01  ,10:32:49:00,10:33:47:16,00:00:58:16
08 - Inside - C Ugenti - MNM070  new 01 08 - Inside - C Ugen,10:33:47:01,10:35:12:01,00:01:24:24
"57 - Desperately Hoping - P Ruske, M Edwards - DBX013  new 0",10:35:09:05,10:37:07:06,00:01:58:01
KPM KPM 0956 00401 DIGITAL CLOUDS A Glenn Herweijer Ben Sumner ,10:37:28:02,10:38:04:19,00:00:36:17
07 - Approaching Challenges - C White - NLM162   new 01 Boun,10:38:06:05,10:39:14:00,00:01:07:19
ADD ADD 0003 00401 A DIFFERENT PATH A James Miles Hankins Jeffr,10:39:15:24,10:40:49:22,00:01:33:23
HPE130 05 1 CANDY INSTRUMENTAL AIF new 01  d,10:40:44:18,10:41:14:24,00:00:30:06
"08 - Morning Glory (No Theme) - Mr Roth, R Time, D Carter, N Be",10:41:13:21,10:42:04:00,00:00:50:04
15 - Go Vegan - D Viseux - CDM318   new 01  d,10:42:39:24,10:43:25:19,00:00:45:20
08 - New Direction - J Woodall - RSM286   new 01  d,10:43:42:01,10:44:37:10,00:00:55:09
02 - Building The Barn - J Johnson - JW2282  new 01  d,10:45:25:03,10:46:51:23,00:01:26:20
XCD383 02 2 WE ARE WONDERFUL INSTRUMENTAL AIF new 01  d,10:46:50:14,10:47:22:20,00:00:32:06
"01 - Cosmo - K L Shanker, S Bonacio - MUM232   new 01  ",10:47:18:10,10:47:35:22,00:00:17:12
VNX022 06 BUBBLE GUM SOUP AIF new 01  d,10:47:53:15,10:48:46:17,00:00:53:02
"08 - Diner Time - B Deshayes, N Clergue - BAM-BX035   new 01",10:49:01:11,10:49:47:03,00:00:45:17
UPM PKT15 6 Begin Again Main Track Parry 927346   new 01 Bou,10:49:53:07,10:50:35:06,00:00:41:24
"04 - Scientific Breakthrough - A Deeping, B Howells - NLM146 ai",10:50:39:10,10:51:12:24,00:00:33:14
RAYDIA RAYDIA 0076 00101 KISMET A Magnum Opus  new 01  ,10:51:40:22,10:52:32:08,00:00:51:11
02 - Ambient Flickers - T Hewson - NLM160   new 01  d,10:52:45:20,10:53:14:18,00:00:28:23
SCS014 06 AFFIRMATIVE REACTION AIF new 01  d,10:52:50:00,10:53:28:06,00:00:38:06
XCD080 01 SMOKO LOCO AIF new 01  d,10:53:14:22,10:53:38:23,00:00:24:01
SCS014 06 AFFIRMATIVE REACTION AIF new 01  d,10:53:38:13,10:54:16:19,00:00:38:06
XRC015 10 2 LEAN DAY LIGHT AIF new 01  d,10:54:10:10,10:55:20:08,00:01:09:23
XRC015 04 2 THE FLYING GAME LIGHT AIF new 01  d,10:55:18:09,10:56:15:09,00:00:57:00
XRC015 07 LIVING FORWARD AIF new 01  d,10:56:14:05,10:57:27:01,00:01:12:21
XRC015 05 PRETTY DAMN HAPPY AIF new 01  d,10:57:25:02,10:58:06:05,00:00:41:03
XRC032 02 2 CASH IS KING AMBIENT AIF new 01  d,10:58:00:05,10:58:29:06,00:00:29:01
XRC015 06 MAKING IT HAPPEN AIF new 01  d,10:58:24:11,10:58:51:04,00:00:26:18
SCS014 06 AFFIRMATIVE REACTION AIF new 01  d,10:58:50:20,10:59:32:15,00:00:41:20
XRC018 01 3 SILVER LININGS AMBIENT AIF new 01  d,10:59:23:16,11:00:55:20,00:01:32:04
XMT618 30 MATH LAB WAV new 01  d,11:00:54:04,11:02:33:16,00:01:39:12
STN006 02 TEAM SPACE AIF new 01 STN006 02 TEAM SPACE AIF  ,11:02:31:15,11:03:01:00,00:00:29:10
